p1_x,p1_y,p2_x,p2_y,ball_x,ball_y,ball_vel_0,ball_vel_1,possession
0.1640625,0.5,0.8359375,0.5,0.5015625,0.5,0.16666667,0.0,0.0
0.171875,0.5,0.828125,0.5,0.503125,0.5,0.16666667,0.0,0.0
0.1796875,0.5,0.8203125,0.5,0.5046875,0.5,0.16666667,0.0,0.0
0.1875,0.5,0.8125,0.5,0.50625,0.5,0.16666667,0.0,0.0
0.1953125,0.5,0.8046875,0.5,0.5078125,0.5,0.16666667,0.0,0.0
0.203125,0.5,0.796875,0.5,0.509375,0.5,0.16666667,0.0,0.0
0.2109375,0.5,0.7890625,0.5,0.5109375,0.5,0.16666667,0.0,0.0
0.21875,0.5,0.78125,0.5,0.5125,0.5,0.16666667,0.0,0.0
0.2265625,0.5,0.7734375,0.5,0.5140625,0.5,0.16666667,0.0,0.0
0.234375,0.5,0.765625,0.5,0.515625,0.5,0.16666667,0.0,0.0
0.2421875,0.5,0.7578125,0.5,0.5171875,0.5,0.16666667,0.0,0.0
0.25,0.5,0.75,0.5,0.51875,0.5,0.16666667,0.0,0.0
0.2578125,0.5,0.7421875,0.5,0.5203125,0.5,0.16666667,0.0,0.0
0.265625,0.5,0.734375,0.5,0.521875,0.5,0.16666667,0.0,0.0
0.2734375,0.5,0.7265625,0.5,0.5234375,0.5,0.16666667,0.0,0.0
0.28125,0.5,0.71875,0.5,0.525,0.5,0.16666667,0.0,0.0
0.2890625,0.5,0.7109375,0.5,0.5265625,0.5,0.16666667,0.0,0.0
0.296875,0.5,0.703125,0.5,0.528125,0.5,0.16666667,0.0,0.0
0.3046875,0.5,0.6953125,0.5,0.5296875,0.5,0.16666667,0.0,0.0
0.3125,0.5,0.6875,0.5,0.53125,0.5,0.16666667,0.0,0.0
0.3203125,0.5,0.6796875,0.5,0.5328125,0.5,0.16666667,0.0,0.0
0.328125,0.5,0.671875,0.5,0.534375,0.5,0.16666667,0.0,0.0
0.3359375,0.5,0.6640625,0.5,0.5359375,0.5,0.16666667,0.0,0.0
0.34375,0.5,0.65625,0.5,0.5375,0.5,0.16666667,0.0,0.0
0.3515625,0.5,0.6484375,0.5,0.5390625,0.5,0.16666667,0.0,0.0
0.359375,0.5,0.640625,0.5,0.540625,0.5,0.16666667,0.0,0.0
0.3671875,0.5,0.6328125,0.5,0.5421875,0.5,0.16666667,0.0,0.0
0.375,0.5,0.625,0.5,0.54375,0.5,0.16666667,0.0,0.0
0.3828125,0.5,0.6171875,0.5,0.5453125,0.5,0.16666667,0.0,0.0
0.390625,0.5,0.609375,0.5,0.546875,0.5,0.16666667,0.0,0.0
0.3984375,0.5,0.6015625,0.5,0.5484375,0.5,0.16666667,0.0,0.0
0.40625,0.5,0.59375,0.5,0.55,0.5,0.16666667,0.0,0.0
0.4140625,0.5,0.5859375,0.5,0.5515625,0.5,0.16666667,0.0,0.0
0.421875,0.5,0.578125,0.5,0.553125,0.5,0.16666667,0.0,0.0
0.4296875,0.5,0.5703125,0.5,0.5546875,0.5,0.16666667,0.0,0.0
0.4375,0.5,0.5625,0.5,0.571875,0.5104167,0.16666667,0.0,1.0
0.4453125,0.5,0.5625,0.5,0.5625,0.5104167,-1.0,0.0,0.0
0.453125,0.5,0.5546875,0.5,0.553125,0.5104167,-1.0,0.0,1.0
0.4609375,0.5,0.5546875,0.5,0.54375,0.5104167,-1.0,0.0,0.0
0.46875,0.5,0.546875,0.5,0.5453125,0.5104167,-1.0,0.0,1.0
0.4765625,0.5,0.546875,0.5,0.5359375,0.5104167,-1.0,0.0,0.0
0.484375,0.5,0.5390625,0.5,0.5375,0.5104167,-1.0,0.0,1.0
0.4921875,0.5,0.5390625,0.5,0.528125,0.5104167,-1.0,0.0,0.0
0.5,0.5,0.53125,0.5,0.5296875,0.5104167,-1.0,0.0,1.0
0.5078125,0.5,0.53125,0.5,0.5203125,0.5104167,-1.0,0.0,0.0
0.515625,0.5,0.5234375,0.5,0.521875,0.5104167,-1.0,0.0,1.0
0.5234375,0.5,0.5234375,0.5,0.5125,0.5104167,-1.0,0.0,0.0
0.53125,0.5,0.515625,0.5,0.5140625,0.5104167,-1.0,0.0,1.0
0.5390625,0.5,0.515625,0.5,0.5046875,0.5104167,-1.0,0.0,0.0
0.546875,0.5,0.5078125,0.5,0.50625,0.5104167,-1.0,0.0,1.0
0.5546875,0.5,0.5078125,0.5,0.496875,0.5104167,-1.0,0.0,0.0
0.5625,0.5,0.5,0.5,0.4984375,0.5104167,-1.0,0.0,1.0
0.5703125,0.5,0.5,0.5,0.4890625,0.5104167,-1.0,0.0,0.0
0.578125,0.5,0.4921875,0.5,0.490625,0.5104167,-1.0,0.0,1.0
0.5859375,0.5,0.4921875,0.5,0.48125,0.5104167,-1.0,0.0,0.0
0.59375,0.5,0.484375,0.5,0.4828125,0.5104167,-1.0,0.0,1.0
0.6015625,0.5,0.484375,0.5,0.4734375,0.5104167,-1.0,0.0,0.0
0.609375,0.5,0.4765625,0.5,0.475,0.5104167,-1.0,0.0,1.0
0.6171875,0.5,0.4765625,0.5,0.465625,0.5104167,-1.0,0.0,0.0
0.625,0.5,0.46875,0.5,0.4671875,0.5104167,-1.0,0.0,1.0
0.6328125,0.5,0.46875,0.5,0.4578125,0.5104167,-1.0,0.0,0.0
0.640625,0.5,0.4609375,0.5,0.459375,0.5104167,-1.0,0.0,1.0
0.6484375,0.5,0.4609375,0.5,0.45,0.5104167,-1.0,0.0,0.0
0.65625,0.5,0.453125,0.5,0.4515625,0.5104167,-1.0,0.0,1.0
0.6640625,0.5,0.453125,0.5,0.4421875,0.5104167,-1.0,0.0,0.0
0.671875,0.5,0.4453125,0.5,0.44375,0.5104167,-1.0,0.0,1.0
0.6796875,0.5,0.4453125,0.5,0.434375,0.5104167,-1.0,0.0,0.0
0.6875,0.5,0.4375,0.5,0.4359375,0.5104167,-1.0,0.0,1.0
0.6953125,0.5,0.4375,0.5,0.4265625,0.5104167,-1.0,0.0,0.0
0.703125,0.5,0.4296875,0.5,0.428125,0.5104167,-1.0,0.0,1.0
0.7109375,0.5,0.4296875,0.5,0.41875,0.5104167,-1.0,0.0,0.0
0.71875,0.5,0.421875,0.5,0.4203125,0.5104167,-1.0,0.0,1.0
0.7265625,0.5,0.421875,0.5,0.4109375,0.5104167,-1.0,0.0,0.0
0.734375,0.5,0.4140625,0.5,0.4125,0.5104167,-1.0,0.0,1.0
0.7421875,0.5,0.4140625,0.5,0.403125,0.5104167,-1.0,0.0,0.0
0.75,0.5,0.40625,0.5,0.4046875,0.5104167,-1.0,0.0,1.0
0.7578125,0.5,0.40625,0.5,0.3953125,0.5104167,-1.0,0.0,0.0
0.765625,0.5,0.3984375,0.5,0.396875,0.5104167,-1.0,0.0,1.0
0.7734375,0.5,0.3984375,0.5,0.3875,0.5104167,-1.0,0.0,0.0
0.78125,0.5,0.390625,0.5,0.3890625,0.5104167,-1.0,0.0,1.0
0.7890625,0.5,0.390625,0.5,0.3796875,0.5104167,-1.0,0.0,0.0
0.796875,0.5,0.3828125,0.5,0.38125,0.5104167,-1.0,0.0,1.0
0.8046875,0.5,0.3828125,0.5,0.371875,0.5104167,-1.0,0.0,0.0
0.8125,0.5,0.375,0.5,0.3734375,0.5104167,-1.0,0.0,1.0
0.8203125,0.5,0.375,0.5,0.3640625,0.5104167,-1.0,0.0,0.0
0.828125,0.5,0.3671875,0.5,0.365625,0.5104167,-1.0,0.0,1.0
0.8359375,0.5,0.3671875,0.5,0.35625,0.5104167,-1.0,0.0,0.0
0.84375,0.5,0.359375,0.5,0.3578125,0.5104167,-1.0,0.0,1.0
0.8515625,0.5,0.359375,0.5,0.3484375,0.5104167,-1.0,0.0,0.0
0.859375,0.5,0.3515625,0.5,0.35,0.5104167,-1.0,0.0,1.0
0.8671875,0.5,0.3515625,0.5,0.340625,0.5104167,-1.0,0.0,0.0
0.875,0.5,0.34375,0.5,0.3421875,0.5104167,-1.0,0.0,1.0
0.8828125,0.5,0.34375,0.5,0.3328125,0.5104167,-1.0,0.0,0.0
0.890625,0.5,0.3359375,0.5,0.334375,0.5104167,-1.0,0.0,1.0
0.8984375,0.5,0.3359375,0.5,0.325,0.5104167,-1.0,0.0,0.0
0.90625,0.5,0.328125,0.5,0.3265625,0.5104167,-1.0,0.0,1.0
0.9140625,0.5,0.328125,0.5,0.3171875,0.5104167,-1.0,0.0,0.0
0.921875,0.5,0.3203125,0.5,0.31875,0.5104167,-1.0,0.0,1.0
0.9296875,0.5,0.3203125,0.5,0.309375,0.5104167,-1.0,0.0,0.0
0.9375,0.5,0.3125,0.5,0.3109375,0.5104167,-1.0,0.0,1.0
0.9453125,0.5,0.3125,0.5,0.3015625,0.5104167,-1.0,0.0,0.0
0.953125,0.5,0.3046875,0.5,0.303125,0.5104167,-1.0,0.0,1.0
0.9609375,0.5,0.3046875,0.5,0.29375,0.5104167,-1.0,0.0,0.0
0.96875,0.5,0.296875,0.5,0.2953125,0.5104167,-1.0,0.0,1.0
0.96875,0.5,0.296875,0.5,0.2859375,0.5104167,-1.0,0.0,0.0
0.96875,0.5,0.2890625,0.5,0.2875,0.5104167,-1.0,0.0,1.0
0.96875,0.5,0.2890625,0.5,0.278125,0.5104167,-1.0,0.0,0.0
0.96875,0.5,0.28125,0.5,0.2796875,0.5104167,-1.0,0.0,1.0
0.96875,0.5,0.28125,0.5,0.2703125,0.5104167,-1.0,0.0,0.0
0.96875,0.5,0.2734375,0.5,0.271875,0.5104167,-1.0,0.0,1.0
0.96875,0.5,0.2734375,0.5,0.2625,0.5104167,-1.0,0.0,0.0
0.96875,0.5,0.265625,0.5,0.2640625,0.5104167,-1.0,0.0,1.0
0.96875,0.5,0.265625,0.5,0.2546875,0.5104167,-1.0,0.0,0.0
0.96875,0.5,0.2578125,0.5,0.25625,0.5104167,-1.0,0.0,1.0
0.96875,0.5,0.2578125,0.5,0.246875,0.5104167,-1.0,0.0,0.0
0.96875,0.5,0.25,0.5,0.2484375,0.5104167,-1.0,0.0,1.0
0.96875,0.5,0.25,0.5,0.2390625,0.5104167,-1.0,0.0,0.0
0.96875,0.5,0.2421875,0.5,0.240625,0.5104167,-1.0,0.0,1.0
0.96875,0.5,0.2421875,0.5,0.23125,0.5104167,-1.0,0.0,0.0
0.96875,0.5,0.234375,0.5,0.2328125,0.5104167,-1.0,0.0,1.0
0.96875,0.5,0.234375,0.5,0.2234375,0.5104167,-1.0,0.0,0.0
0.96875,0.5,0.2265625,0.5,0.225,0.5104167,-1.0,0.0,1.0
0.96875,0.5,0.2265625,0.5,0.215625,0.5104167,-1.0,0.0,0.0
0.96875,0.5,0.21875,0.5,0.2171875,0.5104167,-1.0,0.0,1.0
0.96875,0.5,0.21875,0.5,0.2078125,0.5104167,-1.0,0.0,0.0
0.96875,0.5,0.2109375,0.5,0.209375,0.5104167,-1.0,0.0,1.0
0.96875,0.5,0.2109375,0.5,0.2,0.5104167,-1.0,0.0,0.0
0.96875,0.5,0.203125,0.5,0.2015625,0.5104167,-1.0,0.0,1.0
0.96875,0.5,0.203125,0.5,0.1921875,0.5104167,-1.0,0.0,0.0
0.96875,0.5,0.1953125,0.5,0.19375,0.5104167,-1.0,0.0,1.0
0.96875,0.5,0.1953125,0.5,0.184375,0.5104167,-1.0,0.0,0.0
0.96875,0.5,0.1875,0.5,0.1859375,0.5104167,-1.0,0.0,1.0
0.96875,0.5,0.1875,0.5,0.1765625,0.5104167,-1.0,0.0,0.0
0.96875,0.5,0.1796875,0.5,0.178125,0.5104167,-1.0,0.0,1.0
0.96875,0.5,0.1796875,0.5,0.16875,0.5104167,-1.0,0.0,0.0
0.96875,0.5,0.171875,0.5,0.1703125,0.5104167,-1.0,0.0,1.0
0.96875,0.5,0.171875,0.5,0.1609375,0.5104167,-1.0,0.0,0.0
0.96875,0.5,0.1640625,0.5,0.1625,0.5104167,-1.0,0.0,1.0
0.96875,0.5,0.1640625,0.5,0.153125,0.5104167,-1.0,0.0,0.0
0.96875,0.5,0.15625,0.5,0.1546875,0.5104167,-1.0,0.0,1.0
0.96875,0.5,0.15625,0.5,0.1453125,0.5104167,-1.0,0.0,0.0
0.96875,0.5,0.1484375,0.5,0.146875,0.5104167,-1.0,0.0,1.0
0.96875,0.5,0.1484375,0.5,0.1375,0.5104167,-1.0,0.0,0.0
0.96875,0.5,0.140625,0.5,0.1390625,0.5104167,-1.0,0.0,1.0
0.96875,0.5,0.140625,0.5,0.1296875,0.5104167,-1.0,0.0,0.0
0.96875,0.5,0.1328125,0.5,0.13125,0.5104167,-1.0,0.0,1.0
0.96875,0.5,0.1328125,0.5,0.121875,0.5104167,-1.0,0.0,0.0
0.96875,0.5,0.125,0.5,0.1234375,0.5104167,-1.0,0.0,1.0
0.96875,0.5,0.125,0.5,0.1140625,0.5104167,-1.0,0.0,0.0
0.96875,0.5,0.1171875,0.5,0.115625,0.5104167,-1.0,0.0,1.0
0.96875,0.5,0.1171875,0.5,0.10625,0.5104167,-1.0,0.0,0.0
0.96875,0.5,0.109375,0.5,0.1078125,0.5104167,-1.0,0.0,1.0
0.96875,0.5,0.109375,0.5,0.0984375,0.5104167,-1.0,0.0,0.0
0.96875,0.5,0.1015625,0.5,0.1,0.5104167,-1.0,0.0,1.0
0.96875,0.5,0.1015625,0.5,0.090625,0.5104167,-1.0,0.0,0.0
0.96875,0.5,0.09375,0.5,0.0921875,0.5104167,-1.0,0.0,1.0
0.96875,0.5,0.09375,0.5,0.0828125,0.5104167,-1.0,0.0,0.0
0.96875,0.5,0.0859375,0.5,0.084375,0.5104167,-1.0,0.0,1.0
0.96875,0.5,0.0859375,0.5,0.075,0.5104167,-1.0,0.0,0.0
0.96875,0.5,0.078125,0.5,0.0765625,0.5104167,-1.0,0.0,1.0
0.96875,0.5,0.078125,0.5,0.0671875,0.5104167,-1.0,0.0,0.0
0.96875,0.5,0.0703125,0.5,0.06875,0.5104167,-1.0,0.0,1.0
0.96875,0.5,0.0703125,0.5,0.059375,0.5104167,-1.0,0.0,0.0
0.96875,0.5,0.0625,0.5,0.0609375,0.5104167,-1.0,0.0,1.0
0.96875,0.5,0.0625,0.5,0.0515625,0.5104167,-1.0,0.0,0.0
0.96875,0.5,0.0546875,0.5,0.053125,0.5104167,-1.0,0.0,1.0
0.96875,0.5,0.0546875,0.5,0.04375,0.5104167,-1.0,0.0,0.0
0.96875,0.5,0.046875,0.5,0.0640625,0.5104167,1.0,0.0,1.0
0.9609375,0.5,0.046875,0.5,0.0546875,0.5104167,-1.0,0.0,0.0
0.96875,0.5,0.046875,0.48958334,0.0453125,0.5,-1.0,0.0,1.0
0.96875,0.5,0.046875,0.48958334,0.0359375,0.5,-1.0,0.0,0.0
0.96875,0.5,0.0390625,0.48958334,0.05625,0.5,1.0,0.0,1.0
0.9609375,0.5,0.0390625,0.48958334,0.046875,0.5,-1.0,0.0,0.0
0.96875,0.5,0.0390625,0.47916666,0.0375,0.48958334,-1.0,0.0,1.0
0.96875,0.5,0.0390625,0.47916666,0.028125,0.48958334,-1.0,0.0,0.0
0.96875,0.5,0.03125,0.47916666,0.0484375,0.48958334,1.0,0.0,1.0
0.9609375,0.5,0.03125,0.47916666,0.0390625,0.48958334,-1.0,0.0,0.0
0.96875,0.5,0.03125,0.46875,0.0484375,0.47916666,1.0,0.0,1.0
0.9609375,0.5,0.03125,0.46875,0.0390625,0.47916666,-1.0,0.0,0.0
0.96875,0.5,0.03125,0.45833334,0.0484375,0.46875,1.0,0.0,1.0
0.9609375,0.5,0.03125,0.45833334,0.0390625,0.46875,-1.0,0.0,0.0
0.96875,0.5,0.03125,0.44791666,0.0484375,0.45833334,1.0,0.0,1.0
0.9609375,0.5,0.03125,0.44791666,0.0390625,0.45833334,-1.0,0.0,0.0
0.96875,0.5,0.03125,0.4375,0.0296875,0.44791666,-1.0,0.0,1.0
0.96875,0.5,0.03125,0.4375,0.0203125,0.44791666,-1.0,0.0,0.0
0.96875,0.5,0.0234375,0.4375,0.021875,0.44791666,-1.0,0.0,1.0
0.96875,0.5,0.0234375,0.4375,0.0125,0.44791666,-1.0,0.0,0.0
0.96875,0.5,0.015625,0.4375,0.0140625,0.44791666,-1.0,0.0,1.0
0.96875,0.5,0.015625,0.4375,0.0046875,0.44791666,-1.0,0.0,0.0
0.96875,0.5,0.0078125,0.4375,0.00625,0.44791666,-1.0,0.0,1.0
0.96875,0.5,0.0078125,0.4375,-0.003125,0.44791666,-1.0,0.0,0.0
0.1640625,0.5,0.8359375,0.5,0.5015625,0.5,0.16666667,0.0,0.0
0.171875,0.5,0.828125,0.5,0.503125,0.5,0.16666667,0.0,0.0
0.1796875,0.5,0.8203125,0.5,0.5046875,0.5,0.16666667,0.0,0.0
0.1875,0.5,0.8125,0.5,0.50625,0.5,0.16666667,0.0,0.0
0.1953125,0.5,0.8046875,0.5,0.5078125,0.5,0.16666667,0.0,0.0
0.203125,0.5,0.796875,0.5,0.509375,0.5,0.16666667,0.0,0.0
0.2109375,0.5,0.7890625,0.5,0.5109375,0.5,0.16666667,0.0,0.0
0.21875,0.5,0.78125,0.5,0.5125,0.5,0.16666667,0.0,0.0
0.2265625,0.5,0.7734375,0.5,0.5140625,0.5,0.16666667,0.0,0.0
0.234375,0.5,0.765625,0.5,0.515625,0.5,0.16666667,0.0,0.0
0.2421875,0.5,0.7578125,0.5,0.5171875,0.5,0.16666667,0.0,0.0
0.25,0.5,0.75,0.5,0.51875,0.5,0.16666667,0.0,0.0
0.2578125,0.5,0.7421875,0.5,0.5203125,0.5,0.16666667,0.0,0.0
0.265625,0.5,0.734375,0.5,0.521875,0.5,0.16666667,0.0,0.0
0.2734375,0.5,0.7265625,0.5,0.5234375,0.5,0.16666667,0.0,0.0
0.28125,0.5,0.71875,0.5,0.525,0.5,0.16666667,0.0,0.0
0.2890625,0.5,0.7109375,0.5,0.5265625,0.5,0.16666667,0.0,0.0
0.296875,0.5,0.703125,0.5,0.528125,0.5,0.16666667,0.0,0.0
0.3046875,0.5,0.6953125,0.5,0.5296875,0.5,0.16666667,0.0,0.0
0.3125,0.5,0.6875,0.5,0.53125,0.5,0.16666667,0.0,0.0
0.3203125,0.5,0.6796875,0.5,0.5328125,0.5,0.16666667,0.0,0.0
0.328125,0.5,0.671875,0.5,0.534375,0.5,0.16666667,0.0,0.0
0.3359375,0.5,0.6640625,0.5,0.5359375,0.5,0.16666667,0.0,0.0
0.34375,0.5,0.65625,0.5,0.5375,0.5,0.16666667,0.0,0.0
0.3515625,0.5,0.6484375,0.5,0.5390625,0.5,0.16666667,0.0,0.0
0.359375,0.5,0.640625,0.5,0.540625,0.5,0.16666667,0.0,0.0
0.3671875,0.5,0.6328125,0.5,0.5421875,0.5,0.16666667,0.0,0.0
0.375,0.5,0.625,0.5,0.54375,0.5,0.16666667,0.0,0.0
0.3828125,0.5,0.6171875,0.5,0.5453125,0.5,0.16666667,0.0,0.0
0.390625,0.5,0.609375,0.5,0.546875,0.5,0.16666667,0.0,0.0
0.3984375,0.5,0.6015625,0.5,0.5484375,0.5,0.16666667,0.0,0.0
0.40625,0.5,0.59375,0.5,0.55,0.5,0.16666667,0.0,0.0
0.4140625,0.5,0.5859375,0.5,0.5515625,0.5,0.16666667,0.0,0.0
0.421875,0.5,0.578125,0.5,0.553125,0.5,0.16666667,0.0,0.0
0.4296875,0.5,0.5703125,0.5,0.5546875,0.5,0.16666667,0.0,0.0
0.4375,0.5,0.5625,0.5,0.571875,0.5104167,0.16666667,0.0,1.0
0.4453125,0.5,0.5625,0.5,0.5625,0.5104167,-1.0,0.0,0.0
0.453125,0.5,0.5546875,0.5,0.553125,0.5104167,-1.0,0.0,1.0
0.4609375,0.5,0.5546875,0.5,0.54375,0.5104167,-1.0,0.0,0.0
0.46875,0.5,0.546875,0.5,0.5453125,0.5104167,-1.0,0.0,1.0
0.4765625,0.5,0.546875,0.5,0.5359375,0.5104167,-1.0,0.0,0.0
0.484375,0.5,0.5390625,0.5,0.5375,0.5104167,-1.0,0.0,1.0
0.4921875,0.5,0.5390625,0.5,0.528125,0.5104167,-1.0,0.0,0.0
0.5,0.5,0.53125,0.5,0.5296875,0.5104167,-1.0,0.0,1.0
0.5078125,0.5,0.53125,0.5,0.5203125,0.5104167,-1.0,0.0,0.0
0.515625,0.5,0.5234375,0.5,0.5140625,0.5104167,-1.0,0.0,0.5
0.5234375,0.5,0.515625,0.5,0.5296875,0.5104167,0.8333333,0.0,0.5
0.5234375,0.5104167,0.5234375,0.5,0.5453125,0.53125,0.8333333,0.8333333,0.5
0.53125,0.5104167,0.5234375,0.5104167,0.5609375,0.5520833,0.8333333,0.8333333,0.5
0.5390625,0.5104167,0.53125,0.5104167,0.56875,0.5625,0.8333333,0.8333333,0.0
0.546875,0.5104167,0.53125,0.5208333,0.5765625,0.5729167,0.8333333,0.8333333,0.0
0.5546875,0.5104167,0.5390625,0.5208333,0.584375,0.5833333,0.8333333,0.8333333,0.0
0.5625,0.5104167,0.5390625,0.53125,0.5921875,0.59375,0.8333333,0.8333333,0.0
0.5703125,0.5104167,0.546875,0.53125,0.6,0.6041667,0.8333333,0.8333333,0.0
0.578125,0.5104167,0.546875,0.5416667,0.6078125,0.6145833,0.8333333,0.8333333,0.0
0.5859375,0.5104167,0.5546875,0.5416667,0.615625,0.625,0.8333333,0.8333333,0.0
0.59375,0.5104167,0.5546875,0.5520833,0.6234375,0.6354167,0.8333333,0.8333333,0.0
0.6015625,0.5104167,0.5625,0.5520833,0.63125,0.6458333,0.8333333,0.8333333,0.0
0.609375,0.5104167,0.5625,0.5625,0.6390625,0.65625,0.8333333,0.8333333,0.0
0.6171875,0.5104167,0.5703125,0.5625,0.646875,0.6666667,0.8333333,0.8333333,0.0
0.625,0.5104167,0.5703125,0.5729167,0.6546875,0.6770833,0.8333333,0.8333333,0.0
0.6328125,0.5104167,0.578125,0.5729167,0.6625,0.6875,0.8333333,0.8333333,0.0
0.640625,0.5104167,0.578125,0.5833333,0.6703125,0.6979167,0.8333333,0.8333333,0.0
0.6484375,0.5104167,0.5859375,0.5833333,0.678125,0.7083333,0.8333333,0.8333333,0.0
0.65625,0.5104167,0.5859375,0.59375,0.6859375,0.71875,0.8333333,0.8333333,0.0
0.6640625,0.5104167,0.59375,0.59375,0.69375,0.7291667,0.8333333,0.8333333,0.0
0.671875,0.5104167,0.59375,0.6041667,0.7015625,0.7395833,0.8333333,0.8333333,0.0
0.6796875,0.5104167,0.6015625,0.6041667,0.709375,0.75,0.8333333,0.8333333,0.0
0.6875,0.5104167,0.6015625,0.6145833,0.7171875,0.7604167,0.8333333,0.8333333,0.0
0.6953125,0.5104167,0.609375,0.6145833,0.725,0.7708333,0.8333333,0.8333333,0.0
0.703125,0.5104167,0.609375,0.625,0.7328125,0.78125,0.8333333,0.8333333,0.0
0.7109375,0.5104167,0.6171875,0.625,0.740625,0.7916667,0.8333333,0.8333333,0.0
0.71875,0.5104167,0.6171875,0.6354167,0.7484375,0.8020833,0.8333333,0.8333333,0.0
0.7265625,0.5104167,0.625,0.6354167,0.75625,0.8125,0.8333333,0.8333333,0.0
0.734375,0.5104167,0.625,0.6458333,0.7640625,0.8229167,0.8333333,0.8333333,0.0
0.7421875,0.5104167,0.6328125,0.6458333,0.771875,0.8333333,0.8333333,0.8333333,0.0
0.75,0.5104167,0.6328125,0.65625,0.7796875,0.84375,0.8333333,0.8333333,0.0
0.7578125,0.5104167,0.640625,0.65625,0.7875,0.8541667,0.8333333,0.8333333,0.0
0.765625,0.5104167,0.640625,0.6666667,0.7953125,0.8645833,0.8333333,0.8333333,0.0
0.7734375,0.5104167,0.6484375,0.6666667,0.803125,0.875,0.8333333,0.8333333,0.0
0.78125,0.5104167,0.6484375,0.6770833,0.8109375,0.8854167,0.8333333,0.8333333,0.0
0.7890625,0.5104167,0.65625,0.6770833,0.81875,0.8958333,0.8333333,0.8333333,0.0
0.796875,0.5104167,0.65625,0.6875,0.8265625,0.90625,0.8333333,0.8333333,0.0
0.8046875,0.5104167,0.6640625,0.6875,0.834375,0.9166667,0.8333333,0.8333333,0.0
0.8125,0.5104167,0.6640625,0.6979167,0.8421875,0.9270833,0.8333333,0.8333333,0.0
0.8203125,0.5104167,0.671875,0.6979167,0.85,0.9375,0.8333333,0.8333333,0.0
0.828125,0.5104167,0.671875,0.7083333,0.8578125,0.9479167,0.8333333,0.8333333,0.0
0.8359375,0.5104167,0.6796875,0.7083333,0.865625,0.9583333,0.8333333,0.8333333,0.0
0.84375,0.5104167,0.6796875,0.71875,0.8734375,0.96875,0.8333333,0.8333333,0.0
0.8515625,0.5104167,0.6875,0.71875,0.88125,0.9791667,0.8333333,-0.8333333,0.0
0.8515625,0.5208333,0.6875,0.7291667,0.8890625,0.96875,0.8333333,-0.8333333,0.0
0.8515625,0.53125,0.6953125,0.7291667,0.896875,0.9583333,0.8333333,-0.8333333,0.0
0.8515625,0.5416667,0.703125,0.7291667,0.9046875,0.9479167,0.8333333,-0.8333333,0.0
0.8515625,0.5520833,0.7109375,0.7291667,0.9125,0.9375,0.8333333,-0.8333333,0.0
0.8515625,0.5625,0.71875,0.7291667,0.9203125,0.9270833,0.8333333,-0.8333333,0.0
0.8515625,0.5729167,0.7265625,0.7291667,0.928125,0.9166667,0.8333333,-0.8333333,0.0
0.8515625,0.5833333,0.734375,0.7291667,0.9359375,0.90625,0.8333333,-0.8333333,0.0
0.8515625,0.59375,0.7421875,0.7291667,0.94375,0.8958333,0.8333333,-0.8333333,0.0
0.8515625,0.6041667,0.75,0.7291667,0.9515625,0.8854167,0.8333333,-0.8333333,0.0
0.8515625,0.6145833,0.7578125,0.7291667,0.959375,0.875,0.8333333,-0.8333333,0.0
0.8515625,0.625,0.765625,0.7291667,0.9671875,0.8645833,0.8333333,-0.8333333,0.0
0.8515625,0.6354167,0.7734375,0.7291667,0.975,0.8541667,0.8333333,-0.8333333,0.0
0.8515625,0.6458333,0.78125,0.7291667,0.9828125,0.84375,0.8333333,-0.8333333,0.0
0.8515625,0.65625,0.7890625,0.7291667,0.990625,0.8333333,0.8333333,-0.8333333,0.0
0.8515625,0.6666667,0.796875,0.7291667,0.9984375,0.8229167,0.8333333,-0.8333333,0.0
0.8515625,0.6770833,0.8046875,0.7291667,1.00625,0.8125,0.8333333,-0.8333333,0.0
0.8515625,0.6875,0.8125,0.7291667,1.0140625,0.8020833,0.8333333,-0.8333333,0.0
0.8515625,0.6979167,0.8203125,0.7291667,1.021875,0.7916667,0.8333333,-0.8333333,0.0
0.8515625,0.7083333,0.828125,0.7291667,1.0296875,0.78125,0.8333333,-0.8333333,0.0
0.8515625,0.71875,0.8359375,0.7291667,1.0375,0.7708333,0.8333333,-0.8333333,0.0
0.8515625,0.7291667,0.84375,0.7291667,1.0453125,0.7604167,0.8333333,-0.8333333,0.0
0.8515625,0.7395833,0.8515625,0.7291667,1.053125,0.75,0.8333333,-0.8333333,0.0
0.8515625,0.75,0.859375,0.7291667,1.0609375,0.7395833,0.8333333,-0.8333333,0.0
0.8515625,0.7604167,0.8671875,0.7291667,1.06875,0.7291667,0.8333333,-0.8333333,0.0
0.8515625,0.7708333,0.875,0.7291667,1.0765625,0.71875,0.8333333,-0.8333333,0.0
0.8515625,0.78125,0.8828125,0.7291667,1.084375,0.7083333,0.8333333,-0.8333333,0.0
0.8515625,0.7916667,0.890625,0.7291667,1.0921875,0.6979167,0.8333333,-0.8333333,0.0
0.8515625,0.8020833,0.8984375,0.7291667,1.1,0.6875,0.8333333,-0.8333333,0.0
0.8515625,0.8125,0.90625,0.7291667,1.1078125,0.6770833,0.8333333,-0.8333333,0.0
0.8515625,0.8229167,0.9140625,0.7291667,1.115625,0.6666667,0.8333333,-0.8333333,0.0
0.8515625,0.8333333,0.921875,0.7291667,1.1234375,0.65625,0.8333333,-0.8333333,0.0
0.8515625,0.84375,0.9296875,0.7291667,1.13125,0.6458333,0.8333333,-0.8333333,0.0
0.8515625,0.8541667,0.9375,0.7291667,1.1390625,0.6354167,0.8333333,-0.8333333,0.0
0.8515625,0.8645833,0.9453125,0.7291667,1.146875,0.625,0.8333333,-0.8333333,0.0
0.8515625,0.875,0.953125,0.7291667,1.1546875,0.6145833,0.8333333,-0.8333333,0.0
0.8515625,0.8854167,0.9609375,0.7291667,1.1625,0.6041667,0.8333333,-0.8333333,0.0
0.8515625,0.8958333,0.96875,0.7291667,1.1703125,0.59375,0.8333333,-0.8333333,0.0
0.8515625,0.90625,0.96875,0.7291667,1.178125,0.5833333,0.8333333,-0.8333333,0.0
0.1640625,0.5,0.8359375,0.5,0.5015625,0.5,0.16666667,0.0,0.0
0.171875,0.5,0.828125,0.5,0.503125,0.5,0.16666667,0.0,0.0
0.1796875,0.5,0.8203125,0.5,0.5046875,0.5,0.16666667,0.0,0.0
0.1875,0.5,0.8125,0.5,0.50625,0.5,0.16666667,0.0,0.0
0.1953125,0.5,0.8046875,0.5,0.5078125,0.5,0.16666667,0.0,0.0
0.203125,0.5,0.796875,0.5,0.509375,0.5,0.16666667,0.0,0.0
0.2109375,0.5,0.7890625,0.5,0.5109375,0.5,0.16666667,0.0,0.0
0.21875,0.5,0.78125,0.5,0.5125,0.5,0.16666667,0.0,0.0
0.2265625,0.5,0.7734375,0.5,0.5140625,0.5,0.16666667,0.0,0.0
0.234375,0.5,0.765625,0.5,0.515625,0.5,0.16666667,0.0,0.0
0.2421875,0.5,0.7578125,0.5,0.5171875,0.5,0.16666667,0.0,0.0
0.25,0.5,0.75,0.5,0.51875,0.5,0.16666667,0.0,0.0
0.2578125,0.5,0.7421875,0.5,0.5203125,0.5,0.16666667,0.0,0.0
0.265625,0.5,0.734375,0.5,0.521875,0.5,0.16666667,0.0,0.0
0.2734375,0.5,0.7265625,0.5,0.5234375,0.5,0.16666667,0.0,0.0
0.28125,0.5,0.71875,0.5,0.525,0.5,0.16666667,0.0,0.0
0.2890625,0.5,0.7109375,0.5,0.5265625,0.5,0.16666667,0.0,0.0
0.296875,0.5,0.703125,0.5,0.528125,0.5,0.16666667,0.0,0.0
0.3046875,0.5,0.6953125,0.5,0.5296875,0.5,0.16666667,0.0,0.0
0.3125,0.5,0.6875,0.5,0.53125,0.5,0.16666667,0.0,0.0
0.3203125,0.5,0.6796875,0.5,0.5328125,0.5,0.16666667,0.0,0.0
0.328125,0.5,0.671875,0.5,0.534375,0.5,0.16666667,0.0,0.0
0.3359375,0.5,0.6640625,0.5,0.5359375,0.5,0.16666667,0.0,0.0
0.34375,0.5,0.65625,0.5,0.5375,0.5,0.16666667,0.0,0.0
0.3515625,0.5,0.6484375,0.5,0.5390625,0.5,0.16666667,0.0,0.0
0.359375,0.5,0.640625,0.5,0.540625,0.5,0.16666667,0.0,0.0
0.3671875,0.5,0.6328125,0.5,0.5421875,0.5,0.16666667,0.0,0.0
0.375,0.5,0.625,0.5,0.54375,0.5,0.16666667,0.0,0.0
0.3828125,0.5,0.6171875,0.5,0.5453125,0.5,0.16666667,0.0,0.0
0.390625,0.5,0.609375,0.5,0.546875,0.5,0.16666667,0.0,0.0
0.3984375,0.5,0.6015625,0.5,0.5484375,0.5,0.16666667,0.0,0.0
0.40625,0.5,0.59375,0.5,0.55,0.5,0.16666667,0.0,0.0
0.4140625,0.5,0.5859375,0.5,0.5515625,0.5,0.16666667,0.0,0.0
0.421875,0.5,0.578125,0.5,0.553125,0.5,0.16666667,0.0,0.0
0.4296875,0.5,0.5703125,0.5,0.5546875,0.5,0.16666667,0.0,0.0
0.4375,0.5,0.5625,0.5,0.571875,0.5104167,0.16666667,0.0,1.0
0.4453125,0.5,0.5625,0.5,0.5625,0.5104167,-1.0,0.0,0.0
0.453125,0.5,0.5546875,0.5,0.553125,0.5104167,-1.0,0.0,1.0
0.4609375,0.5,0.5546875,0.5,0.54375,0.5104167,-1.0,0.0,0.0
0.46875,0.5,0.546875,0.5,0.5453125,0.5104167,-1.0,0.0,1.0
0.4765625,0.5,0.546875,0.5,0.5359375,0.5104167,-1.0,0.0,0.0
0.484375,0.5,0.5390625,0.5,0.5375,0.5104167,-1.0,0.0,1.0
0.4921875,0.5,0.5390625,0.5,0.528125,0.5104167,-1.0,0.0,0.0
0.5,0.5,0.53125,0.5,0.5296875,0.5104167,-1.0,0.0,1.0
0.5078125,0.5,0.53125,0.5,0.5203125,0.5104167,-1.0,0.0,0.0
0.515625,0.5,0.5234375,0.5,0.521875,0.5104167,-1.0,0.0,1.0
0.5234375,0.5,0.5234375,0.5,0.5125,0.5104167,-1.0,0.0,0.0
0.53125,0.5,0.515625,0.5,0.5140625,0.5104167,-1.0,0.0,1.0
0.5390625,0.5,0.515625,0.5,0.5046875,0.5104167,-1.0,0.0,0.0
0.546875,0.5,0.5078125,0.5,0.50625,0.5104167,-1.0,0.0,1.0
0.5546875,0.5,0.5078125,0.5,0.496875,0.5104167,-1.0,0.0,0.0
0.5625,0.5,0.5,0.5,0.4984375,0.5104167,-1.0,0.0,1.0
0.5703125,0.5,0.5,0.5,0.4890625,0.5104167,-1.0,0.0,0.0
0.578125,0.5,0.4921875,0.5,0.490625,0.5104167,-1.0,0.0,1.0
0.5859375,0.5,0.4921875,0.5,0.48125,0.5104167,-1.0,0.0,0.0
0.59375,0.5,0.484375,0.5,0.4828125,0.5104167,-1.0,0.0,1.0
0.6015625,0.5,0.484375,0.5,0.4734375,0.5104167,-1.0,0.0,0.0
0.609375,0.5,0.4765625,0.5,0.475,0.5104167,-1.0,0.0,1.0
0.6171875,0.5,0.4765625,0.5,0.465625,0.5104167,-1.0,0.0,0.0
0.625,0.5,0.46875,0.5,0.4671875,0.5104167,-1.0,0.0,1.0
0.6328125,0.5,0.46875,0.5,0.4578125,0.5104167,-1.0,0.0,0.0
0.640625,0.5,0.4609375,0.5,0.459375,0.5104167,-1.0,0.0,1.0
0.6484375,0.5,0.4609375,0.5,0.45,0.5104167,-1.0,0.0,0.0
0.65625,0.5,0.453125,0.5,0.4515625,0.5104167,-1.0,0.0,1.0
0.6640625,0.5,0.453125,0.5,0.4421875,0.5104167,-1.0,0.0,0.0
0.671875,0.5,0.4453125,0.5,0.44375,0.5104167,-1.0,0.0,1.0
0.6796875,0.5,0.4453125,0.5,0.434375,0.5104167,-1.0,0.0,0.0
0.6875,0.5,0.4375,0.5,0.4359375,0.5104167,-1.0,0.0,1.0
0.6953125,0.5,0.4375,0.5,0.4265625,0.5104167,-1.0,0.0,0.0
0.703125,0.5,0.4296875,0.5,0.428125,0.5104167,-1.0,0.0,1.0
0.7109375,0.5,0.4296875,0.5,0.41875,0.5104167,-1.0,0.0,0.0
0.71875,0.5,0.421875,0.5,0.4203125,0.5104167,-1.0,0.0,1.0
0.7265625,0.5,0.421875,0.5,0.4109375,0.5104167,-1.0,0.0,0.0
0.734375,0.5,0.4140625,0.5,0.4125,0.5104167,-1.0,0.0,1.0
0.7421875,0.5,0.4140625,0.5,0.403125,0.5104167,-1.0,0.0,0.0
0.75,0.5,0.40625,0.5,0.4046875,0.5104167,-1.0,0.0,1.0
0.7578125,0.5,0.40625,0.5,0.3953125,0.5104167,-1.0,0.0,0.0
0.765625,0.5,0.3984375,0.5,0.396875,0.5104167,-1.0,0.0,1.0
0.7734375,0.5,0.3984375,0.5,0.3875,0.5104167,-1.0,0.0,0.0
0.78125,0.5,0.390625,0.5,0.3890625,0.5104167,-1.0,0.0,1.0
0.7890625,0.5,0.390625,0.5,0.3796875,0.5104167,-1.0,0.0,0.0
0.796875,0.5,0.3828125,0.5,0.38125,0.5104167,-1.0,0.0,1.0
0.8046875,0.5,0.3828125,0.5,0.371875,0.5104167,-1.0,0.0,0.0
0.8125,0.5,0.375,0.5,0.3734375,0.5104167,-1.0,0.0,1.0
0.8203125,0.5,0.375,0.5,0.3640625,0.5104167,-1.0,0.0,0.0
0.828125,0.5,0.3671875,0.5,0.365625,0.5104167,-1.0,0.0,1.0
0.8359375,0.5,0.3671875,0.5,0.35625,0.5104167,-1.0,0.0,0.0
0.84375,0.5,0.359375,0.5,0.3578125,0.5104167,-1.0,0.0,1.0
0.8515625,0.5,0.359375,0.5,0.3484375,0.5104167,-1.0,0.0,0.0
0.859375,0.5,0.3515625,0.5,0.35,0.5104167,-1.0,0.0,1.0
0.8671875,0.5,0.3515625,0.5,0.340625,0.5104167,-1.0,0.0,0.0
0.875,0.5,0.34375,0.5,0.3421875,0.5104167,-1.0,0.0,1.0
0.8828125,0.5,0.34375,0.5,0.3328125,0.5104167,-1.0,0.0,0.0
0.890625,0.5,0.3359375,0.5,0.334375,0.5104167,-1.0,0.0,1.0
0.8984375,0.5,0.3359375,0.5,0.325,0.5104167,-1.0,0.0,0.0
0.90625,0.5,0.328125,0.5,0.3265625,0.5104167,-1.0,0.0,1.0
0.9140625,0.5,0.328125,0.5,0.3171875,0.5104167,-1.0,0.0,0.0
0.921875,0.5,0.3203125,0.5,0.31875,0.5104167,-1.0,0.0,1.0
0.9296875,0.5,0.3203125,0.5,0.309375,0.5104167,-1.0,0.0,0.0
0.9375,0.5,0.3125,0.5,0.3109375,0.5104167,-1.0,0.0,1.0
0.9453125,0.5,0.3125,0.5,0.3015625,0.5104167,-1.0,0.0,0.0
0.953125,0.5,0.3046875,0.5,0.303125,0.5104167,-1.0,0.0,1.0
0.9609375,0.5,0.3046875,0.5,0.29375,0.5104167,-1.0,0.0,0.0
0.96875,0.5,0.296875,0.5,0.2953125,0.5104167,-1.0,0.0,1.0
0.96875,0.5,0.296875,0.5,0.2859375,0.5104167,-1.0,0.0,0.0
0.96875,0.5,0.2890625,0.5,0.2875,0.5104167,-1.0,0.0,1.0
0.96875,0.5,0.2890625,0.5,0.278125,0.5104167,-1.0,0.0,0.0
0.96875,0.5,0.28125,0.5,0.2796875,0.5104167,-1.0,0.0,1.0
0.96875,0.5,0.28125,0.5,0.2703125,0.5104167,-1.0,0.0,0.0
0.96875,0.5,0.2734375,0.5,0.271875,0.5104167,-1.0,0.0,1.0
0.96875,0.5,0.2734375,0.5,0.2625,0.5104167,-1.0,0.0,0.0
0.96875,0.5,0.265625,0.5,0.2640625,0.5104167,-1.0,0.0,1.0
0.96875,0.5,0.265625,0.5,0.2546875,0.5104167,-1.0,0.0,0.0
0.96875,0.5,0.2578125,0.5,0.25625,0.5104167,-1.0,0.0,1.0
0.96875,0.5,0.2578125,0.5,0.246875,0.5104167,-1.0,0.0,0.0
0.96875,0.5,0.25,0.5,0.2484375,0.5104167,-1.0,0.0,1.0
0.96875,0.5,0.25,0.5,0.2390625,0.5104167,-1.0,0.0,0.0
0.96875,0.5,0.2421875,0.5,0.240625,0.5104167,-1.0,0.0,1.0
0.96875,0.5,0.2421875,0.5,0.23125,0.5104167,-1.0,0.0,0.0
0.96875,0.5,0.234375,0.5,0.2328125,0.5104167,-1.0,0.0,1.0
0.96875,0.5,0.234375,0.5,0.2234375,0.5104167,-1.0,0.0,0.0
0.96875,0.5,0.2265625,0.5,0.225,0.5104167,-1.0,0.0,1.0
0.96875,0.5,0.2265625,0.5,0.215625,0.5104167,-1.0,0.0,0.0
0.96875,0.5,0.21875,0.5,0.2171875,0.5104167,-1.0,0.0,1.0
0.96875,0.5,0.21875,0.5,0.2078125,0.5104167,-1.0,0.0,0.0
0.96875,0.5,0.2109375,0.5,0.209375,0.5104167,-1.0,0.0,1.0
0.96875,0.5,0.2109375,0.5,0.2,0.5104167,-1.0,0.0,0.0
0.96875,0.5,0.203125,0.5,0.2015625,0.5104167,-1.0,0.0,1.0
0.96875,0.5,0.203125,0.5,0.1921875,0.5104167,-1.0,0.0,0.0
0.96875,0.5,0.1953125,0.5,0.19375,0.5104167,-1.0,0.0,1.0
0.96875,0.5,0.1953125,0.5,0.184375,0.5104167,-1.0,0.0,0.0
0.96875,0.5,0.1875,0.5,0.1859375,0.5104167,-1.0,0.0,1.0
0.96875,0.5,0.1875,0.5,0.1765625,0.5104167,-1.0,0.0,0.0
0.96875,0.5,0.1796875,0.5,0.178125,0.5104167,-1.0,0.0,1.0
0.96875,0.5,0.1796875,0.5,0.16875,0.5104167,-1.0,0.0,0.0
0.96875,0.5,0.171875,0.5,0.1703125,0.5104167,-1.0,0.0,1.0
0.96875,0.5,0.171875,0.5,0.1609375,0.5104167,-1.0,0.0,0.0
0.96875,0.5,0.1640625,0.5,0.1625,0.5104167,-1.0,0.0,1.0
0.96875,0.5,0.1640625,0.5,0.153125,0.5104167,-1.0,0.0,0.0
0.96875,0.5,0.15625,0.5,0.1546875,0.5104167,-1.0,0.0,1.0
0.96875,0.5,0.15625,0.5,0.1453125,0.5104167,-1.0,0.0,0.0
0.96875,0.5,0.1484375,0.5,0.146875,0.5104167,-1.0,0.0,1.0
0.96875,0.5,0.1484375,0.5,0.1375,0.5104167,-1.0,0.0,0.0
0.96875,0.5,0.140625,0.5,0.1390625,0.5104167,-1.0,0.0,1.0
0.96875,0.5,0.140625,0.5,0.1296875,0.5104167,-1.0,0.0,0.0
0.96875,0.5,0.1328125,0.5,0.13125,0.5104167,-1.0,0.0,1.0
0.96875,0.5,0.1328125,0.5,0.121875,0.5104167,-1.0,0.0,0.0
0.96875,0.5,0.125,0.5,0.1234375,0.5104167,-1.0,0.0,1.0
0.96875,0.5,0.125,0.5,0.1140625,0.5104167,-1.0,0.0,0.0
0.96875,0.5,0.1171875,0.5,0.115625,0.5104167,-1.0,0.0,1.0
0.96875,0.5,0.1171875,0.5,0.10625,0.5104167,-1.0,0.0,0.0
0.96875,0.5,0.109375,0.5,0.1078125,0.5104167,-1.0,0.0,1.0
0.96875,0.5,0.109375,0.5,0.0984375,0.5104167,-1.0,0.0,0.0
0.96875,0.5,0.1015625,0.5,0.1,0.5104167,-1.0,0.0,1.0
0.96875,0.5,0.1015625,0.5,0.090625,0.5104167,-1.0,0.0,0.0
0.96875,0.5,0.09375,0.5,0.0921875,0.5104167,-1.0,0.0,1.0
0.96875,0.5,0.09375,0.5,0.0828125,0.5104167,-1.0,0.0,0.0
0.96875,0.5,0.0859375,0.5,0.084375,0.5104167,-1.0,0.0,1.0
0.96875,0.5,0.0859375,0.5,0.075,0.5104167,-1.0,0.0,0.0
0.96875,0.5,0.078125,0.5,0.0765625,0.5104167,-1.0,0.0,1.0
0.96875,0.5,0.078125,0.5,0.0671875,0.5104167,-1.0,0.0,0.0
0.96875,0.5,0.0703125,0.5,0.06875,0.5104167,-1.0,0.0,1.0
0.96875,0.5,0.0703125,0.5,0.059375,0.5104167,-1.0,0.0,0.0
0.96875,0.5,0.0625,0.5,0.0609375,0.5104167,-1.0,0.0,1.0
0.96875,0.5,0.0625,0.5,0.0515625,0.5104167,-1.0,0.0,0.0
0.96875,0.5,0.0546875,0.5,0.053125,0.5104167,-1.0,0.0,1.0
0.96875,0.5,0.0546875,0.5,0.04375,0.5104167,-1.0,0.0,0.0
0.96875,0.5,0.046875,0.5,0.0640625,0.5104167,1.0,0.0,1.0
0.9609375,0.5,0.046875,0.5,0.0546875,0.5104167,-1.0,0.0,0.0
0.96875,0.5,0.046875,0.48958334,0.0453125,0.5,-1.0,0.0,1.0
0.96875,0.5,0.046875,0.48958334,0.0359375,0.5,-1.0,0.0,0.0
0.96875,0.5,0.0390625,0.48958334,0.05625,0.5,1.0,0.0,1.0
0.9609375,0.5,0.0390625,0.48958334,0.046875,0.5,-1.0,0.0,0.0
0.96875,0.5,0.0390625,0.47916666,0.0375,0.48958334,-1.0,0.0,1.0
0.96875,0.5,0.0390625,0.47916666,0.028125,0.48958334,-1.0,0.0,0.0
0.96875,0.5,0.03125,0.47916666,0.0484375,0.48958334,1.0,0.0,1.0
0.9609375,0.5,0.03125,0.47916666,0.0390625,0.48958334,-1.0,0.0,0.0
0.96875,0.5,0.03125,0.46875,0.0484375,0.47916666,1.0,0.0,1.0
0.9609375,0.5,0.03125,0.46875,0.0390625,0.47916666,-1.0,0.0,0.0
0.96875,0.5,0.03125,0.45833334,0.0296875,0.46875,-1.0,0.0,1.0
0.96875,0.5,0.03125,0.45833334,0.0203125,0.46875,-1.0,0.0,0.0
0.96875,0.5,0.0234375,0.45833334,0.021875,0.46875,-1.0,0.0,1.0
0.96875,0.5,0.0234375,0.45833334,0.0125,0.46875,-1.0,0.0,0.0
0.96875,0.5,0.015625,0.45833334,0.0140625,0.46875,-1.0,0.0,1.0
0.96875,0.5,0.015625,0.45833334,0.0046875,0.46875,-1.0,0.0,0.0
0.96875,0.5,0.0078125,0.45833334,0.00625,0.46875,-1.0,0.0,1.0
0.96875,0.5,0.0078125,0.45833334,-0.003125,0.46875,-1.0,0.0,0.0
0.1640625,0.5,0.8359375,0.5,0.5015625,0.5,0.16666667,0.0,0.0
0.171875,0.5,0.828125,0.5,0.503125,0.5,0.16666667,0.0,0.0
0.1796875,0.5,0.8203125,0.5,0.5046875,0.5,0.16666667,0.0,0.0
0.1875,0.5,0.8125,0.5,0.50625,0.5,0.16666667,0.0,0.0
0.1953125,0.5,0.8046875,0.5,0.5078125,0.5,0.16666667,0.0,0.0
0.203125,0.5,0.796875,0.5,0.509375,0.5,0.16666667,0.0,0.0
0.2109375,0.5,0.7890625,0.5,0.5109375,0.5,0.16666667,0.0,0.0
0.21875,0.5,0.78125,0.5,0.5125,0.5,0.16666667,0.0,0.0
0.2265625,0.5,0.7734375,0.5,0.5140625,0.5,0.16666667,0.0,0.0
0.234375,0.5,0.765625,0.5,0.515625,0.5,0.16666667,0.0,0.0
0.2421875,0.5,0.7578125,0.5,0.5171875,0.5,0.16666667,0.0,0.0
0.25,0.5,0.75,0.5,0.51875,0.5,0.16666667,0.0,0.0
0.2578125,0.5,0.7421875,0.5,0.5203125,0.5,0.16666667,0.0,0.0
0.265625,0.5,0.734375,0.5,0.521875,0.5,0.16666667,0.0,0.0
0.2734375,0.5,0.7265625,0.5,0.5234375,0.5,0.16666667,0.0,0.0
0.28125,0.5,0.71875,0.5,0.525,0.5,0.16666667,0.0,0.0
0.2890625,0.5,0.7109375,0.5,0.5265625,0.5,0.16666667,0.0,0.0
0.296875,0.5,0.703125,0.5,0.528125,0.5,0.16666667,0.0,0.0
0.3046875,0.5,0.6953125,0.5,0.5296875,0.5,0.16666667,0.0,0.0
0.3125,0.5,0.6875,0.5,0.53125,0.5,0.16666667,0.0,0.0
0.3203125,0.5,0.6796875,0.5,0.5328125,0.5,0.16666667,0.0,0.0
0.328125,0.5,0.671875,0.5,0.534375,0.5,0.16666667,0.0,0.0
0.3359375,0.5,0.6640625,0.5,0.5359375,0.5,0.16666667,0.0,0.0
0.34375,0.5,0.65625,0.5,0.5375,0.5,0.16666667,0.0,0.0
0.3515625,0.5,0.6484375,0.5,0.5390625,0.5,0.16666667,0.0,0.0
0.359375,0.5,0.640625,0.5,0.540625,0.5,0.16666667,0.0,0.0
0.3671875,0.5,0.6328125,0.5,0.5421875,0.5,0.16666667,0.0,0.0
0.375,0.5,0.625,0.5,0.54375,0.5,0.16666667,0.0,0.0
0.3828125,0.5,0.6171875,0.5,0.5453125,0.5,0.16666667,0.0,0.0
0.390625,0.5,0.609375,0.5,0.546875,0.5,0.16666667,0.0,0.0
0.3984375,0.5,0.6015625,0.5,0.5484375,0.5,0.16666667,0.0,0.0
0.40625,0.5,0.59375,0.5,0.55,0.5,0.16666667,0.0,0.0
0.4140625,0.5,0.5859375,0.5,0.5515625,0.5,0.16666667,0.0,0.0
0.421875,0.5,0.578125,0.5,0.553125,0.5,0.16666667,0.0,0.0
0.4296875,0.5,0.5703125,0.5,0.5546875,0.5,0.16666667,0.0,0.0
0.4375,0.5,0.5625,0.5,0.571875,0.5104167,0.16666667,0.0,1.0
0.4453125,0.5,0.5625,0.5,0.5625,0.5104167,-1.0,0.0,0.0
0.453125,0.5,0.5546875,0.5,0.553125,0.5104167,-1.0,0.0,1.0
0.4609375,0.5,0.5546875,0.5,0.54375,0.5104167,-1.0,0.0,0.0
0.46875,0.5,0.546875,0.5,0.5453125,0.5104167,-1.0,0.0,1.0
0.4765625,0.5,0.546875,0.5,0.5359375,0.5104167,-1.0,0.0,0.0
0.484375,0.5,0.5390625,0.5,0.5375,0.5104167,-1.0,0.0,1.0
0.4921875,0.5,0.5390625,0.5,0.528125,0.5104167,-1.0,0.0,0.0
0.5,0.5,0.53125,0.5,0.4984375,0.5104167,-1.0,0.0,0.5
0.5078125,0.5,0.5234375,0.5,0.5140625,0.5104167,0.8333333,0.0,0.5
0.5078125,0.5104167,0.515625,0.5,0.5296875,0.53125,0.8333333,0.8333333,0.5
0.515625,0.5104167,0.515625,0.5104167,0.5453125,0.5520833,0.8333333,0.8333333,0.5
0.5234375,0.5104167,0.515625,0.5,0.553125,0.5625,0.8333333,0.8333333,0.0
0.53125,0.5104167,0.515625,0.5104167,0.5609375,0.5729167,0.8333333,0.8333333,0.0
0.5390625,0.5104167,0.515625,0.5208333,0.56875,0.5833333,0.8333333,0.8333333,0.0
0.546875,0.5104167,0.5234375,0.5208333,0.5765625,0.59375,0.8333333,0.8333333,0.0
0.5546875,0.5104167,0.5234375,0.53125,0.584375,0.6041667,0.8333333,0.8333333,0.0
0.5625,0.5104167,0.53125,0.53125,0.5921875,0.6145833,0.8333333,0.8333333,0.0
0.5703125,0.5104167,0.53125,0.5416667,0.6,0.625,0.8333333,0.8333333,0.0
0.578125,0.5104167,0.5390625,0.5416667,0.6078125,0.6354167,0.8333333,0.8333333,0.0
0.5859375,0.5104167,0.5390625,0.5520833,0.615625,0.6458333,0.8333333,0.8333333,0.0
0.59375,0.5104167,0.546875,0.5520833,0.6234375,0.65625,0.8333333,0.8333333,0.0
0.6015625,0.5104167,0.546875,0.5625,0.63125,0.6666667,0.8333333,0.8333333,0.0
0.609375,0.5104167,0.5546875,0.5625,0.6390625,0.6770833,0.8333333,0.8333333,0.0
0.6171875,0.5104167,0.5546875,0.5729167,0.646875,0.6875,0.8333333,0.8333333,0.0
0.625,0.5104167,0.5625,0.5729167,0.6546875,0.6979167,0.8333333,0.8333333,0.0
0.6328125,0.5104167,0.5625,0.5833333,0.6625,0.7083333,0.8333333,0.8333333,0.0
0.640625,0.5104167,0.5703125,0.5833333,0.6703125,0.71875,0.8333333,0.8333333,0.0
0.6484375,0.5104167,0.5703125,0.59375,0.678125,0.7291667,0.8333333,0.8333333,0.0
0.65625,0.5104167,0.578125,0.59375,0.6859375,0.7395833,0.8333333,0.8333333,0.0
0.6640625,0.5104167,0.578125,0.6041667,0.69375,0.75,0.8333333,0.8333333,0.0
0.671875,0.5104167,0.5859375,0.6041667,0.7015625,0.7604167,0.8333333,0.8333333,0.0
0.6796875,0.5104167,0.5859375,0.6145833,0.709375,0.7708333,0.8333333,0.8333333,0.0
0.6875,0.5104167,0.59375,0.6145833,0.7171875,0.78125,0.8333333,0.8333333,0.0
0.6953125,0.5104167,0.59375,0.625,0.725,0.7916667,0.8333333,0.8333333,0.0
0.703125,0.5104167,0.6015625,0.625,0.7328125,0.8020833,0.8333333,0.8333333,0.0
0.7109375,0.5104167,0.6015625,0.6354167,0.740625,0.8125,0.8333333,0.8333333,0.0
0.71875,0.5104167,0.609375,0.6354167,0.7484375,0.8229167,0.8333333,0.8333333,0.0
0.7265625,0.5104167,0.609375,0.6458333,0.75625,0.8333333,0.8333333,0.8333333,0.0
0.734375,0.5104167,0.6171875,0.6458333,0.7640625,0.84375,0.8333333,0.8333333,0.0
0.7421875,0.5104167,0.6171875,0.65625,0.771875,0.8541667,0.8333333,0.8333333,0.0
0.75,0.5104167,0.625,0.65625,0.7796875,0.8645833,0.8333333,0.8333333,0.0
0.7578125,0.5104167,0.625,0.6666667,0.7875,0.875,0.8333333,0.8333333,0.0
0.765625,0.5104167,0.6328125,0.6666667,0.7953125,0.8854167,0.8333333,0.8333333,0.0
0.7734375,0.5104167,0.6328125,0.6770833,0.803125,0.8958333,0.8333333,0.8333333,0.0
0.78125,0.5104167,0.640625,0.6770833,0.8109375,0.90625,0.8333333,0.8333333,0.0
0.7890625,0.5104167,0.640625,0.6875,0.81875,0.9166667,0.8333333,0.8333333,0.0
0.796875,0.5104167,0.6484375,0.6875,0.8265625,0.9270833,0.8333333,0.8333333,0.0
0.8046875,0.5104167,0.6484375,0.6979167,0.834375,0.9375,0.8333333,0.8333333,0.0
0.8125,0.5104167,0.65625,0.6979167,0.8421875,0.9479167,0.8333333,0.8333333,0.0
0.8203125,0.5104167,0.65625,0.7083333,0.85,0.9583333,0.8333333,0.8333333,0.0
0.828125,0.5104167,0.6640625,0.7083333,0.8578125,0.96875,0.8333333,0.8333333,0.0
0.8359375,0.5104167,0.6640625,0.71875,0.865625,0.9791667,0.8333333,-0.8333333,0.0
0.8359375,0.5208333,0.671875,0.71875,0.8734375,0.96875,0.8333333,-0.8333333,0.0
0.8359375,0.53125,0.6796875,0.71875,0.88125,0.9583333,0.8333333,-0.8333333,0.0
0.8359375,0.5416667,0.6875,0.71875,0.8890625,0.9479167,0.8333333,-0.8333333,0.0
0.8359375,0.5520833,0.6953125,0.71875,0.896875,0.9375,0.8333333,-0.8333333,0.0
0.8359375,0.5625,0.703125,0.71875,0.9046875,0.9270833,0.8333333,-0.8333333,0.0
0.8359375,0.5729167,0.7109375,0.71875,0.9125,0.9166667,0.8333333,-0.8333333,0.0
0.8359375,0.5833333,0.71875,0.71875,0.9203125,0.90625,0.8333333,-0.8333333,0.0
0.8359375,0.59375,0.7265625,0.71875,0.928125,0.8958333,0.8333333,-0.8333333,0.0
0.8359375,0.6041667,0.734375,0.71875,0.9359375,0.8854167,0.8333333,-0.8333333,0.0
0.8359375,0.6145833,0.7421875,0.71875,0.94375,0.875,0.8333333,-0.8333333,0.0
0.8359375,0.625,0.75,0.71875,0.9515625,0.8645833,0.8333333,-0.8333333,0.0
0.8359375,0.6354167,0.7578125,0.71875,0.959375,0.8541667,0.8333333,-0.8333333,0.0
0.8359375,0.6458333,0.765625,0.71875,0.9671875,0.84375,0.8333333,-0.8333333,0.0
0.8359375,0.65625,0.7734375,0.71875,0.975,0.8333333,0.8333333,-0.8333333,0.0
0.8359375,0.6666667,0.78125,0.71875,0.9828125,0.8229167,0.8333333,-0.8333333,0.0
0.8359375,0.6770833,0.7890625,0.71875,0.990625,0.8125,0.8333333,-0.8333333,0.0
0.8359375,0.6875,0.796875,0.71875,0.9984375,0.8020833,0.8333333,-0.8333333,0.0
0.8359375,0.6979167,0.8046875,0.71875,1.00625,0.7916667,0.8333333,-0.8333333,0.0
0.8359375,0.7083333,0.8125,0.71875,1.0140625,0.78125,0.8333333,-0.8333333,0.0
0.8359375,0.71875,0.8203125,0.71875,1.021875,0.7708333,0.8333333,-0.8333333,0.0
0.8359375,0.7291667,0.828125,0.71875,1.0296875,0.7604167,0.8333333,-0.8333333,0.0
0.8359375,0.7395833,0.8359375,0.71875,1.0375,0.75,0.8333333,-0.8333333,0.0
0.8359375,0.75,0.84375,0.71875,1.0453125,0.7395833,0.8333333,-0.8333333,0.0
0.8359375,0.7604167,0.8515625,0.71875,1.053125,0.7291667,0.8333333,-0.8333333,0.0
0.8359375,0.7708333,0.859375,0.71875,1.0609375,0.71875,0.8333333,-0.8333333,0.0
0.8359375,0.78125,0.8671875,0.71875,1.06875,0.7083333,0.8333333,-0.8333333,0.0
0.8359375,0.7916667,0.875,0.71875,1.0765625,0.6979167,0.8333333,-0.8333333,0.0
0.8359375,0.8020833,0.8828125,0.71875,1.084375,0.6875,0.8333333,-0.8333333,0.0
0.8359375,0.8125,0.890625,0.71875,1.0921875,0.6770833,0.8333333,-0.8333333,0.0
0.8359375,0.8229167,0.8984375,0.71875,1.1,0.6666667,0.8333333,-0.8333333,0.0
0.8359375,0.8333333,0.90625,0.71875,1.1078125,0.65625,0.8333333,-0.8333333,0.0
0.8359375,0.84375,0.9140625,0.71875,1.115625,0.6458333,0.8333333,-0.8333333,0.0
0.8359375,0.8541667,0.921875,0.71875,1.1234375,0.6354167,0.8333333,-0.8333333,0.0
0.8359375,0.8645833,0.9296875,0.71875,1.13125,0.625,0.8333333,-0.8333333,0.0
0.8359375,0.875,0.9375,0.71875,1.1390625,0.6145833,0.8333333,-0.8333333,0.0
0.8359375,0.8854167,0.9453125,0.71875,1.146875,0.6041667,0.8333333,-0.8333333,0.0
0.8359375,0.8958333,0.953125,0.71875,1.1546875,0.59375,0.8333333,-0.8333333,0.0
0.8359375,0.90625,0.9609375,0.71875,1.1625,0.5833333,0.8333333,-0.8333333,0.0
0.1640625,0.5,0.8359375,0.5,0.4984375,0.5,-0.16666667,0.0,0.0
0.171875,0.5,0.828125,0.5,0.496875,0.5,-0.16666667,0.0,0.0
0.1796875,0.5,0.8203125,0.5,0.4953125,0.5,-0.16666667,0.0,0.0
0.1875,0.5,0.8125,0.5,0.49375,0.5,-0.16666667,0.0,0.0
0.1953125,0.5,0.8046875,0.5,0.4921875,0.5,-0.16666667,0.0,0.0
0.203125,0.5,0.796875,0.5,0.490625,0.5,-0.16666667,0.0,0.0
0.2109375,0.5,0.7890625,0.5,0.4890625,0.5,-0.16666667,0.0,0.0
0.21875,0.5,0.78125,0.5,0.4875,0.5,-0.16666667,0.0,0.0
0.2265625,0.5,0.7734375,0.5,0.4859375,0.5,-0.16666667,0.0,0.0
0.234375,0.5,0.765625,0.5,0.484375,0.5,-0.16666667,0.0,0.0
0.2421875,0.5,0.7578125,0.5,0.4828125,0.5,-0.16666667,0.0,0.0
0.25,0.5,0.75,0.5,0.48125,0.5,-0.16666667,0.0,0.0
0.2578125,0.5,0.7421875,0.5,0.4796875,0.5,-0.16666667,0.0,0.0
0.265625,0.5,0.734375,0.5,0.478125,0.5,-0.16666667,0.0,0.0
0.2734375,0.5,0.7265625,0.5,0.4765625,0.5,-0.16666667,0.0,0.0
0.28125,0.5,0.71875,0.5,0.475,0.5,-0.16666667,0.0,0.0
0.2890625,0.5,0.7109375,0.5,0.4734375,0.5,-0.16666667,0.0,0.0
0.296875,0.5,0.703125,0.5,0.471875,0.5,-0.16666667,0.0,0.0
0.3046875,0.5,0.6953125,0.5,0.4703125,0.5,-0.16666667,0.0,0.0
0.3125,0.5,0.6875,0.5,0.46875,0.5,-0.16666667,0.0,0.0
0.3203125,0.5,0.6796875,0.5,0.4671875,0.5,-0.16666667,0.0,0.0
0.328125,0.5,0.671875,0.5,0.465625,0.5,-0.16666667,0.0,0.0
0.3359375,0.5,0.6640625,0.5,0.4640625,0.5,-0.16666667,0.0,0.0
0.34375,0.5,0.65625,0.5,0.4625,0.5,-0.16666667,0.0,0.0
0.3515625,0.5,0.6484375,0.5,0.4609375,0.5,-0.16666667,0.0,0.0
0.359375,0.5,0.640625,0.5,0.459375,0.5,-0.16666667,0.0,0.0
0.3671875,0.5,0.6328125,0.5,0.4578125,0.5,-0.16666667,0.0,0.0
0.375,0.5,0.625,0.5,0.45625,0.5,-0.16666667,0.0,0.0
0.3828125,0.5,0.6171875,0.5,0.4546875,0.5,-0.16666667,0.0,0.0
0.390625,0.5,0.609375,0.5,0.453125,0.5,-0.16666667,0.0,0.0
0.3984375,0.5,0.6015625,0.5,0.4515625,0.5,-0.16666667,0.0,0.0
0.40625,0.5,0.59375,0.5,0.45,0.5,-0.16666667,0.0,0.0
0.4140625,0.5,0.5859375,0.5,0.4484375,0.5,-0.16666667,0.0,0.0
0.421875,0.5,0.578125,0.5,0.428125,0.5104167,-0.16666667,0.0,0.5
0.4296875,0.5,0.5703125,0.5,0.44375,0.5104167,0.8333333,0.0,0.5
0.4296875,0.5104167,0.5625,0.5,0.459375,0.53125,0.8333333,0.8333333,0.5
0.4296875,0.5208333,0.5546875,0.5,0.475,0.5520833,0.8333333,0.8333333,0.5
0.4296875,0.53125,0.546875,0.5,0.4828125,0.5625,0.8333333,0.8333333,0.0
0.4375,0.53125,0.5390625,0.5,0.490625,0.5729167,0.8333333,0.8333333,0.0
0.4453125,0.53125,0.53125,0.5,0.4984375,0.5833333,0.8333333,0.8333333,0.0
0.453125,0.53125,0.53125,0.5104167,0.50625,0.59375,0.8333333,0.8333333,0.0
0.4609375,0.53125,0.53125,0.5208333,0.5140625,0.6041667,0.8333333,0.8333333,0.0
0.46875,0.53125,0.53125,0.53125,0.521875,0.6145833,0.8333333,0.8333333,0.0
0.4765625,0.53125,0.53125,0.5416667,0.5296875,0.625,0.8333333,0.8333333,0.0
0.484375,0.53125,0.53125,0.5520833,0.5375,0.6354167,0.8333333,0.8333333,0.0
0.4921875,0.53125,0.53125,0.5625,0.5453125,0.6458333,0.8333333,0.8333333,0.0
0.5,0.53125,0.53125,0.5729167,0.553125,0.65625,0.8333333,0.8333333,0.0
0.5078125,0.53125,0.53125,0.5833333,0.5609375,0.6666667,0.8333333,0.8333333,0.0
0.515625,0.53125,0.53125,0.59375,0.56875,0.6770833,0.8333333,0.8333333,0.0
0.5234375,0.53125,0.53125,0.6041667,0.5765625,0.6875,0.8333333,0.8333333,0.0
0.53125,0.53125,0.53125,0.6145833,0.584375,0.6979167,0.8333333,0.8333333,0.0
0.5390625,0.53125,0.53125,0.625,0.5921875,0.7083333,0.8333333,0.8333333,0.0
0.546875,0.53125,0.53125,0.6354167,0.6,0.71875,0.8333333,0.8333333,0.0
0.5546875,0.53125,0.5390625,0.6354167,0.6078125,0.7291667,0.8333333,0.8333333,0.0
0.5625,0.53125,0.5390625,0.6458333,0.615625,0.7395833,0.8333333,0.8333333,0.0
0.5703125,0.53125,0.546875,0.6458333,0.6234375,0.75,0.8333333,0.8333333,0.0
0.578125,0.53125,0.546875,0.65625,0.63125,0.7604167,0.8333333,0.8333333,0.0
0.5859375,0.53125,0.5546875,0.65625,0.6390625,0.7708333,0.8333333,0.8333333,0.0
0.59375,0.53125,0.5546875,0.6666667,0.646875,0.78125,0.8333333,0.8333333,0.0
0.6015625,0.53125,0.5625,0.6666667,0.6546875,0.7916667,0.8333333,0.8333333,0.0
0.609375,0.53125,0.5625,0.6770833,0.6625,0.8020833,0.8333333,0.8333333,0.0
0.6171875,0.53125,0.5703125,0.6770833,0.6703125,0.8125,0.8333333,0.8333333,0.0
0.625,0.53125,0.5703125,0.6875,0.678125,0.8229167,0.8333333,0.8333333,0.0
0.6328125,0.53125,0.578125,0.6875,0.6859375,0.8333333,0.8333333,0.8333333,0.0
0.640625,0.53125,0.578125,0.6979167,0.69375,0.84375,0.8333333,0.8333333,0.0
0.6484375,0.53125,0.5859375,0.6979167,0.7015625,0.8541667,0.8333333,0.8333333,0.0
0.65625,0.53125,0.5859375,0.7083333,0.709375,0.8645833,0.8333333,0.8333333,0.0
0.6640625,0.53125,0.59375,0.7083333,0.7171875,0.875,0.8333333,0.8333333,0.0
0.671875,0.53125,0.59375,0.71875,0.725,0.8854167,0.8333333,0.8333333,0.0
0.6796875,0.53125,0.6015625,0.71875,0.7328125,0.8958333,0.8333333,0.8333333,0.0
0.6875,0.53125,0.6015625,0.7291667,0.740625,0.90625,0.8333333,0.8333333,0.0
0.6875,0.5208333,0.609375,0.7291667,0.7484375,0.9166667,0.8333333,0.8333333,0.0
0.6875,0.5104167,0.609375,0.7395833,0.75625,0.9270833,0.8333333,0.8333333,0.0
0.6875,0.5,0.6171875,0.7395833,0.7640625,0.9375,0.8333333,0.8333333,0.0
0.6875,0.48958334,0.6171875,0.75,0.771875,0.9479167,0.8333333,0.8333333,0.0
0.6875,0.47916666,0.625,0.75,0.7796875,0.9583333,0.8333333,0.8333333,0.0
0.6875,0.46875,0.625,0.7604167,0.7875,0.96875,0.8333333,0.8333333,0.0
0.6875,0.45833334,0.6328125,0.7604167,0.7953125,0.9791667,0.8333333,-0.8333333,0.0
0.6875,0.46875,0.6328125,0.7708333,0.803125,0.96875,0.8333333,-0.8333333,0.0
0.6875,0.47916666,0.640625,0.7708333,0.8109375,0.9583333,0.8333333,-0.8333333,0.0
0.6875,0.48958334,0.6484375,0.7708333,0.81875,0.9479167,0.8333333,-0.8333333,0.0
0.6875,0.5,0.65625,0.7708333,0.8265625,0.9375,0.8333333,-0.8333333,0.0
0.6875,0.5104167,0.6640625,0.7708333,0.834375,0.9270833,0.8333333,-0.8333333,0.0
0.6875,0.5208333,0.671875,0.7708333,0.8421875,0.9166667,0.8333333,-0.8333333,0.0
0.6875,0.53125,0.6796875,0.7708333,0.85,0.90625,0.8333333,-0.8333333,0.0
0.6875,0.5416667,0.6875,0.7708333,0.8578125,0.8958333,0.8333333,-0.8333333,0.0
0.6875,0.5520833,0.6953125,0.7708333,0.865625,0.8854167,0.8333333,-0.8333333,0.0
0.6875,0.5625,0.703125,0.7708333,0.8734375,0.875,0.8333333,-0.8333333,0.0
0.6875,0.5729167,0.7109375,0.7708333,0.88125,0.8645833,0.8333333,-0.8333333,0.0
0.6875,0.5833333,0.71875,0.7708333,0.8890625,0.8541667,0.8333333,-0.8333333,0.0
0.6875,0.59375,0.7265625,0.7708333,0.896875,0.84375,0.8333333,-0.8333333,0.0
0.6875,0.6041667,0.734375,0.7708333,0.9046875,0.8333333,0.8333333,-0.8333333,0.0
0.6875,0.6145833,0.7421875,0.7708333,0.9125,0.8229167,0.8333333,-0.8333333,0.0
0.6875,0.625,0.75,0.7708333,0.9203125,0.8125,0.8333333,-0.8333333,0.0
0.6875,0.6354167,0.7578125,0.7708333,0.928125,0.8020833,0.8333333,-0.8333333,0.0
0.6875,0.6458333,0.765625,0.7708333,0.9359375,0.7916667,0.8333333,-0.8333333,0.0
0.6875,0.65625,0.7734375,0.7708333,0.94375,0.78125,0.8333333,-0.8333333,0.0
0.6875,0.6666667,0.78125,0.7708333,0.9515625,0.7708333,0.8333333,-0.8333333,0.0
0.6875,0.6770833,0.7890625,0.7708333,0.959375,0.7604167,0.8333333,-0.8333333,0.0
0.6875,0.6875,0.796875,0.7708333,0.9671875,0.75,0.8333333,-0.8333333,0.0
0.6875,0.6979167,0.8046875,0.7708333,0.975,0.7395833,0.8333333,-0.8333333,0.0
0.6875,0.7083333,0.8125,0.7708333,0.9828125,0.7291667,0.8333333,-0.8333333,0.0
0.6875,0.71875,0.8203125,0.7708333,0.990625,0.71875,0.8333333,-0.8333333,0.0
0.6875,0.7291667,0.828125,0.7708333,0.9984375,0.7083333,0.8333333,-0.8333333,0.0
0.6875,0.7395833,0.8359375,0.7708333,1.00625,0.6979167,0.8333333,-0.8333333,0.0
0.6875,0.75,0.84375,0.7708333,1.0140625,0.6875,0.8333333,-0.8333333,0.0
0.6875,0.7604167,0.8515625,0.7708333,1.021875,0.6770833,0.8333333,-0.8333333,0.0
0.6875,0.7708333,0.859375,0.7708333,1.0296875,0.6666667,0.8333333,-0.8333333,0.0
0.6875,0.78125,0.8671875,0.7708333,1.0375,0.65625,0.8333333,-0.8333333,0.0
0.6875,0.7916667,0.875,0.7708333,1.0453125,0.6458333,0.8333333,-0.8333333,0.0
0.6875,0.8020833,0.8828125,0.7708333,1.053125,0.6354167,0.8333333,-0.8333333,0.0
0.6875,0.8125,0.890625,0.7708333,1.0609375,0.625,0.8333333,-0.8333333,0.0
0.6875,0.8229167,0.8984375,0.7708333,1.06875,0.6145833,0.8333333,-0.8333333,0.0
0.6875,0.8333333,0.90625,0.7708333,1.0765625,0.6041667,0.8333333,-0.8333333,0.0
0.6875,0.84375,0.9140625,0.7708333,1.084375,0.59375,0.8333333,-0.8333333,0.0
0.6875,0.8541667,0.921875,0.7708333,1.0921875,0.5833333,0.8333333,-0.8333333,0.0
